{
  "insulators": {
    "13.2 kV Pin Type Insulator (Crossarm)": {
      "size": "13.2 kV Pin Type Insulator (Crossarm)",
      "type": "PIN",
      "strength": 11120.55403815125,
      "horizontalOffset": 0.0,
      "verticalOffset": 0.127,
      "lateralArea": 0.008618615020800002,
      "weight": 4.4482216152605,
      "poleSideArea": 0.008618615020800002,
      "shape": "ROUND",
      "throughHoleDiameter": -0.0015875000000000002,
      "aliases": null
    },
    "13.2 kV Pin Type Insulator (Pole Top)": {
      "size": "13.2 kV Pin Type Insulator (Pole Top)",
      "type": "POLE_TOP",
      "strength": 13344.6648457815,
      "horizontalOffset": 0.025400000000000002,
      "verticalOffset": 0.24765000000000004,
      "lateralArea": 0.023411566079999998,
      "weight": 26.377954178494765,
      "poleSideArea": 0.020159959680000002,
      "shape": "ROUND",
      "throughHoleDiameter": -0.0015875000000000002,
      "aliases": null
    },
    "13.2 kV Post Insulator (Crossarm)": {
      "size": "13.2 kV Post Insulator (Crossarm)",
      "type": "PIN",
      "strength": 11120.55403815125,
      "horizontalOffset": 0.0,
      "verticalOffset": 0.2286,
      "lateralArea": 0.02032254,
      "weight": 4.4482216152605,
      "poleSideArea": 0.02032254,
      "shape": "ROUND",
      "throughHoleDiameter": -0.0015875000000000002,
      "aliases": null
    },
    "15 kV Dead End Insulator": {
      "size": "15 kV Dead End Insulator",
      "type": "DEADEND",
      "strength": 35003.05589048487,
      "horizontalOffset": 0.3302,
      "verticalOffset": 0.0,
      "lateralArea": 0.00520257024,
      "weight": 11.5653761996773,
      "poleSideArea": 0.01932383232,
      "shape": "ROUND",
      "throughHoleDiameter": -0.0015875000000000002,
      "aliases": null
    },
    "15 kV Running Angle Insulator": {
      "size": "15 kV Running Angle Insulator",
      "type": "RUNNING_ANGLE",
      "strength": 35003.05589048487,
      "horizontalOffset": 0.3302,
      "verticalOffset": 0.0,
      "lateralArea": 0.00520257024,
      "weight": 11.5653761996773,
      "poleSideArea": 0.01932383232,
      "shape": "ROUND",
      "throughHoleDiameter": -0.0015875000000000002,
      "aliases": null
    },
    "24.9 kV Pin Type Insulator (Crossarm)": {
      "size": "24.9 kV Pin Type Insulator (Crossarm)",
      "type": "PIN",
      "strength": 22241.1080763025,
      "horizontalOffset": 0.0,
      "verticalOffset": 0.1016,
      "lateralArea": 0.0208019196864,
      "weight": 4.4482216152605,
      "poleSideArea": 0.0208019196864,
      "shape": "ROUND",
      "throughHoleDiameter": -0.0015875000000000002,
      "aliases": null
    },
    "Neutral - D/E Clamp": {
      "size": "Neutral - D/E Clamp",
      "type": "DEADEND",
      "strength": 66723.3242289075,
      "horizontalOffset": 0.2286,
      "verticalOffset": 0.0,
      "lateralArea": 0.006874824959999999,
      "weight": 8.896443230521001,
      "poleSideArea": 0.00037161216,
      "shape": "ROUND",
      "throughHoleDiameter": -0.0015875000000000002,
      "aliases": null
    },
    "Communication D/E": {
      "size": "Communication D/E",
      "type": "DEADEND",
      "strength": 44482.216152605004,
      "horizontalOffset": 0.2286,
      "verticalOffset": 0.0,
      "lateralArea": 0.006874824959999999,
      "weight": 8.896443230521001,
      "poleSideArea": 0.00037161216,
      "shape": "ROUND",
      "throughHoleDiameter": -0.0015875000000000002,
      "aliases": null
    }
  },
  "wires": {
    "PRIMARY": {
      "size": "4 ACSR",
      "conductorStrands": 7,
      "coreStrands": 1,
      "diameter": 0.006527800000000001,
      "weight": 0.9763321064991057,
      "description": "Primary Conductor",
      "expansionCoefficient": 1.788756921991652e-05,
      "crossArea": 2.6516076e-05,
      "strength": 10497.80301201478,
      "modulus": 85610739620.72539
    },
    "NEUTRAL": {
      "size": "2 ACSR",
      "conductorStrands": 7,
      "coreStrands": 1,
      "diameter": 0.008255000000000002,
      "weight": 1.555710053106198,
      "description": "Neutral Conductor",
      "expansionCoefficient": 1.786804080179704e-05,
      "crossArea": 4.225798e-05,
      "strength": 16191.52667954822,
      "modulus": 85754991732.81306
    },
    "SECONDARY": {
      "size": "1/0 Triplex",
      "conductorStrands": 7,
      "coreStrands": 0,
      "diameter": 0.0265176,
      "weight": 6.74238315698934,
      "description": "Secondary Triplex",
      "expansionCoefficient": 2.303999999999999e-05,
      "crossArea": 6.741922e-05,
      "strength": 11165.03625430385,
      "modulus": 64121242826.46576
    },
    "SERVICE": {
      "size": "2 AAC Triplex",
      "conductorStrands": 7,
      "coreStrands": 0,
      "diameter": 0.0189484,
      "weight": 3.400379384369083,
      "description": "Service Drop",
      "expansionCoefficient": 2.303999999999999e-05,
      "crossArea": 3.3677352e-05,
      "strength": 6005.099180601675,
      "modulus": 64121242826.46576
    },
    "STREET LIGHT": {
      "size": "6 ACSR",
      "conductorStrands": 6,
      "coreStrands": 1,
      "diameter": 0.005029200000000001,
      "weight": 0.5268398960331497,
      "description": "Street Light Wire",
      "expansionCoefficient": 1.896119999999999e-05,
      "crossArea": 1.548384e-05,
      "strength": 5293.383722159995,
      "modulus": 79841289454.88963
    },
    "COMMS": {
      "size": "FSS0625",
      "conductorStrands": 1,
      "coreStrands": 0,
      "diameter": 0.015875,
      "weight": 2.24746105232978,
      "description": "Communications Cable",
      "expansionCoefficient": 1.151999999999999e-05,
      "crossArea": 0.000197935088,
      "strength": 2668.9329691563,
      "modulus": 172368932329.209
    },
    "EQUIPMENT": {
      "size": "6 ACSR-COV",
      "conductorStrands": 6,
      "coreStrands": 1,
      "diameter": 0.006553200000000001,
      "weight": 0.6859134380486991,
      "description": "Equipment Wire",
      "expansionCoefficient": 1.896119999999999e-05,
      "crossArea": 1.548384e-05,
      "strength": 5026.490425244365,
      "modulus": 79841289454.88963
    }
  }
}
